id,first_name,last_name,email,gender,address,Credit_Score
1,Bonnie,Lillicrap,blillicrap0@geocities.com,Female,9 Arrowood Drive,580
2,Ernaline,Sloper,esloper1@boston.com,Female,78 Towne Terrace,560
3,Letisha,Duffin,lduffin2@google.com.au,Female,89 Golf Junction,640
4,Isadore,Avey,iavey3@msu.edu,Male,50 Warbler Center,780
5,Jeanne,Gasparro,jgasparro4@bluehost.com,Female,08200 Bonner Park,501
6,Cirillo,Crevy,ccrevy5@blogspot.com,Male,20 Debra Crossing,720
7,Aldrich,Soares,asoares6@privacy.gov.au,Male,65 Vera Plaza,679
8,Prudi,Colton,pcolton7@constantcontact.com,Female,88221 Weeping Birch Place,529
9,Antonin,Sim,asim8@diigo.com,Male,84 Londonderry Terrace,480
10,Lisette,Joynt,ljoynt9@webs.com,Female,4075 Hollow Ridge Pass,470
11,Barny,Duggan,bduggana@technorati.com,Male,1710 Farragut Pass,620
12,Flin,Pinchbeck,fpinchbeckb@ifeng.com,Male,9 Mcguire Drive,679
13,Dulci,Casarini,dcasarinic@cnet.com,Female,4 Buell Street,720
14,Maren,Gheorghe,mgheorghed@npr.org,Female,74828 Kipling Terrace,576
15,Prissie,Empleton,pempletone@google.com.au,Female,329 Eastwood Center,678
16,Elaina,Clines,eclinesf@yellowpages.com,Female,60 Morrow Drive,787
17,Demetrius,Goney,dgoneyg@xinhuanet.com,Male,33165 Vera Street,456
18,Janeczka,Humbles,jhumblesh@harvard.edu,Female,00 Moland Road,456
19,Odie,Snibson,osnibsoni@wired.com,Male,6 Wayridge Point,456
20,Garnet,Dyton,gdytonj@wikia.com,Female,5 Myrtle Drive,456
21,Zorine,Danbury,zdanburyk@blog.com,Female,1 Oak Park,654
22,Kerry,Jeanes,kjeanesl@parallels.com,Female,0252 Jana Terrace,687
23,Nathanael,Bisatt,nbisattm@cbc.ca,Male,38 Westridge Avenue,620
24,Osbert,Barefoot,obarefootn@cbsnews.com,Male,1 Maple Wood Center,800
25,Rosalind,Yarrington,ryarringtono@hhs.gov,Female,38897 Delladonna Hill,799
26,Clemence,Coogan,ccooganp@sfgate.com,Female,9 Schiller Place,689
27,Christiano,Stephen,cstephenq@sourceforge.net,Male,191 Carberry Hill,654
28,Willamina,Basill,wbasillr@exblog.jp,Female,482 Toban Park,765
29,Hillary,Jentges,hjentgess@indiatimes.com,Female,80508 Karstens Place,620
30,Ferd,Flecknoe,fflecknoet@netlog.com,Male,6 Blue Bill Park Place,619
31,Luke,Streak,lstreaku@hubpages.com,Male,05126 Sunnyside Place,679
32,Reeva,Bowshire,rbowshirev@seattletimes.com,Female,18 Fairfield Lane,489
33,Alessandro,Hysom,ahysomw@storify.com,Male,14 8th Plaza,458
34,Merrile,Geffe,mgeffex@netvibes.com,Female,49167 Kinsman Road,810
35,Monique,Farrey,mfarreyy@loc.gov,Female,8 Debra Crossing,540
36,Ferdinande,Adamiak,fadamiakz@pcworld.com,Female,5182 East Hill,654
37,Damiano,Hendrich,dhendrich10@java.com,Male,37035 Morrow Place,445
38,Whitby,Laidlow,wlaidlow11@bing.com,Male,99624 Continental Alley,765
39,Gratiana,Wolffers,gwolffers12@techcrunch.com,Female,25 Huxley Center,480
40,Conchita,Coronado,ccoronado13@yale.edu,Female,7209 Packers Drive,780
41,Dorise,Bibey,dbibey14@cloudflare.com,Female,130 Bashford Plaza,628
42,Sisely,Ivankov,sivankov15@multiply.com,Female,74 Upham Terrace,599
43,Talbert,Grigsby,tgrigsby16@skype.com,Male,748 Montana Point,677
44,Bayard,Geaves,bgeaves17@pagesperso-orange.fr,Male,397 Service Hill,786
45,Odie,Roscow,oroscow18@webs.com,Male,58688 Manitowish Way,498
46,Jayson,Rzehor,jrzehor19@twitter.com,Male,6743 Erie Plaza,810
47,Wallace,Halley,whalley1a@cyberchimps.com,Male,1362 Harper Park,800
48,Cort,Chadband,cchadband1b@hugedomains.com,Male,5180 Red Cloud Center,799
49,Muriel,Edgeon,medgeon1c@goo.ne.jp,Female,70958 Warner Pass,780
50,Barbee,Mardee,bmardee1d@jimdo.com,Female,49967 Straubel Drive,798
51,Chaddy,Whitsun,cwhitsun1e@seesaa.net,Male,00642 Lawn Circle,776
52,Mavra,Durrington,mdurrington1f@tripadvisor.com,Female,381 Memorial Way,765
53,Jeana,Meth,jmeth1g@imageshack.us,Female,97826 Killdeer Drive,556
54,Darrel,Driffield,ddriffield1h@feedburner.com,Male,456 Ilene Point,678
55,Daniella,Andreopolos,dandreopolos1i@exblog.jp,Female,38 Northfield Alley,443
56,Arther,Edelman,aedelman1j@discovery.com,Male,1 Roth Circle,765
57,Freddy,Beeckx,fbeeckx1k@si.edu,Female,779 Moland Hill,345
58,Thibaud,Joost,tjoost1l@wp.com,Male,4 Dixon Street,654
59,Feodora,Povall,fpovall1m@ibm.com,Female,6430 Basil Park,765
60,Onida,Longmore,olongmore1n@narod.ru,Female,68 Forest Dale Crossing,660
61,Rozina,Lantuffe,rlantuffe1o@cnn.com,Female,5399 Bellgrove Junction,678
62,Lina,Semper,lsemper1p@spiegel.de,Female,433 Utah Place,657
63,Melina,Dunthorne,mdunthorne1q@nasa.gov,Female,98795 Lake View Drive,647
64,Fidelity,Mann,fmann1r@washington.edu,Female,3 Shoshone Crossing,546
65,Stesha,Stackbridge,sstackbridge1s@soundcloud.com,Female,87711 8th Court,564
66,Clywd,Worley,cworley1t@jimdo.com,Male,50 Eggendart Park,677
67,Aaron,Laver,alaver1u@ask.com,Male,97218 Homewood Hill,678
68,Duane,Tanzer,dtanzer1v@unc.edu,Male,20 La Follette Avenue,768
69,Vito,Bagehot,vbagehot1w@networksolutions.com,Male,20 Center Parkway,786
70,Flori,Vockins,fvockins1x@parallels.com,Female,82 Corry Crossing,776
71,Yalonda,Bohlsen,ybohlsen1y@diigo.com,Female,96 Warbler Trail,778
72,Sutherland,Foxhall,sfoxhall1z@abc.net.au,Male,5 Mallard Avenue,667
73,Erika,Kindon,ekindon20@unblog.fr,Female,12750 6th Court,665
74,Hetti,Gaymer,hgaymer21@shareasale.com,Female,90404 Maple Wood Avenue,667
75,Ninon,Cyphus,ncyphus22@dailymail.co.uk,Female,38 Little Fleur Street,454
76,Gerty,Gauford,ggauford23@tmall.com,Female,422 Forest Pass,456
77,Ilario,Lovie,ilovie24@last.fm,Male,667 Johnson Court,564
78,Gerti,Muslim,gmuslim25@diigo.com,Female,80 Aberg Circle,465
79,Serena,Vidler,svidler26@de.vu,Female,73 Hansons Point,654
80,Kris,Feehily,kfeehily27@lulu.com,Female,94 Monica Parkway,564
81,Kip,Barden,kbarden28@wordpress.com,Male,2 Esch Hill,675
82,Rosamund,Saladino,rsaladino29@amazon.de,Female,86 Vidon Trail,657
83,Adams,Sivyour,asivyour2a@dailymotion.com,Male,89 Crest Line Center,765
84,Barret,Pedroni,bpedroni2b@smugmug.com,Male,6262 Calypso Lane,675
85,Sinclare,Teesdale,steesdale2c@privacy.gov.au,Male,728 Marquette Lane,456
86,Guillaume,McOrkil,gmcorkil2d@stanford.edu,Male,8 Shasta Court,564
87,Carlin,Mulliss,cmulliss2e@myspace.com,Male,92 Duke Road,456
88,Boyce,Keetch,bkeetch2f@last.fm,Male,38 Morningstar Avenue,765
89,Coreen,Milner,cmilner2g@yellowbook.com,Female,7 Hoepker Terrace,786
90,Arabele,Allman,aallman2h@ycombinator.com,Female,12342 Graceland Road,754
91,Tedra,de Clercq,tdeclercq2i@php.net,Female,58786 Armistice Parkway,742
92,Glendon,Cicullo,gcicullo2j@1und1.de,Male,98 Fairfield Drive,723
93,Elsworth,Boteman,eboteman2k@facebook.com,Male,1034 Novick Circle,623
94,Theresa,Enrich,tenrich2l@symantec.com,Female,1 Shoshone Drive,615
95,Anatollo,Handscombe,ahandscombe2m@weather.com,Male,0373 Blackbird Circle,614
96,Wayne,Prichet,wprichet2n@china.com.cn,Male,0 Tony Trail,615
97,Ronica,Barnshaw,rbarnshaw2o@dailymail.co.uk,Female,1968 Dovetail Avenue,616
98,Juditha,Lannon,jlannon2p@omniture.com,Female,0644 Glacier Hill Trail,811
99,Delores,Glascott,dglascott2q@exblog.jp,Female,6372 Corben Court,567
100,Dennis,Adhams,dadhams2r@blogspot.com,Male,709 Caliangt Way,623